,Alexandra WMC,Barnsley,Royston,High Street,S71 4RF,01226 722297,53.599086,-1.4622674,,,"http://maps.google.co.uk/maps?hl=en&ie=UTF8&ll=53.598092,-1.458556&spn=0.000587,0.001742&t=h&z=20&layer=c&cbll=53.59812,-1.458689&panoid=EZ9i4NM3sd6egPuL4Vg90g&cbp=12,356.46,,0,1.46",
,The Abbey,Derby, Darley Abbey,Darley Street,DE22 1DX,01332 558297,52.94211,-1.47652,http://www.beerintheevening.com/pubs/s/75/7562/Abbey/Derby,,,
,The Anchor Tap,London,Bermondsey,"28, Horselydown Lane",SE1 2LN,020 7403 4637,51.50338811,-0.0760998,http://www.beerintheevening.com/pubs/s/74/7438/Anchor_Tap/Tower_Bridge,,,
,The Anerley Arms,London,Anerley,"2, Ridsdale Road",SE20 8AG,020 8659 5552,51.41253,-0.06632,http://www.beerintheevening.com/pubs/s/54/5449/Anerley_Arms/Anerley,,,
,The Angel,London,Soho,"61, St. Giles High Street",WC2H 8LE,020 7240 2876,51.51547,-0.12768,http://www.beerintheevening.com/pubs/s/20/2012/Angel/Soho,,,
,The Angel,London,Bermondsey,101 Bermondsey Wall East,SE16 4NB,020 7394 3214,51.500515,-0.058837,http://www.beerintheevening.com/pubs/s/34/3405/Angel/Rotherhithe,,,
,The Angel and White Horse, Tadcaster,,23 Bridge Street,LS24 9AW,01937 835470,53.88423,-1.26075,http://www.beerintheevening.com/pubs/s/53/5304/Angel_and_White_Horse/Tadcaster,,,
,The Angel in the Fields,London,,37 Thayer Street,W1U 2QU,020 7486 7763,51.51768,-0.15017,http://www.beerintheevening.com/pubs/show.shtml/80/Angel_in_the_Fields/Bond_Street,,,
,The Angel Inn, Leeds,,Angel Inn Yard,LS1 6LN,0113 245 1428,53.79815,-1.54269,http://www.beerintheevening.com/pubs/s/30/3052/Angel_Inn/Leeds,,,
,The Bay Horse, Tadcaster,,11 Commercial Street,LS24 8AB,01937 832299,53.88596449,-1.25886385,http://www.beerintheevening.com/pubs/s/53/5314/Bay_Horse/Tadcaster,,,
,The Blue Posts,London,Fitzrovia,81 Newman Street,W1T 3ET,020 7637 895‎8,51.51706075,-0.13537106,http://www.beerintheevening.com/pubs/s/69/6987/Blue_Posts/Fitzrovia,,"http://maps.google.co.uk/maps?f=q&source=s_q&hl=en&geocode=&q=W1T+3ET&sll=51.518778,-0.141272&sspn=0.001632,0.005493&ie=UTF8&hq=&hnear=London+W1T+3ET,+United+Kingdom&ll=51.517112,-0.135323&spn=0.000367,0.002747&z=19&layer=c&cbll=51.517112,-0.135324&panoid=WFGdkvjaTZrvxLLwq_R8HQ&cbp=12,203.83,,0,-11.7",
,The Bricklayers Arms,London,Fitzrovia,31 Gresse Street,W1T 1QS,020 7636 5593,51.5177116,-0.13346974,http://www.beerintheevening.com/pubs/s/88/880/Bricklayers_Arms/Fitzrovia,,"http://maps.google.co.uk/maps?f=q&source=s_q&hl=en&geocode=&q=W1T+1QS&sll=51.517112,-0.135324&sspn=0.000816,0.002747&ie=UTF8&hq=&hnear=London+W1T+1QS,+United+Kingdom&ll=51.517943,-0.133483&spn=0.001619,0.005493&t=h&z=18&layer=c&cbll=51.517696,-0.133594&panoid=KXHvoHyAEj6C9qnkPRqA7g&cbp=12,44.8,,0,-4.67",
,The Captain Kidd,London,Wapping,108 Wapping High Street,E1W 2NE ,020 7480 5759,51.50303,-0.0601,http://www.beerintheevening.com/pubs/s/40/4000/Captain_Kidd/Wapping,,,
,Windsor Castle,London,Victoria,23 Francis Street,SW1P 1DN,020 7834 7260,51.495713,-0.137683,http://www.beerintheevening.com/pubs/s/35/359/Cardinal/Victoria,,,
,The Champion,London,Fitzrovia,13 Wells Street,W1T 3PA,020 7323 1228‎,51.517209,-0.137415,http://www.beerintheevening.com/pubs/s/50/5059/Champion/Fitzrovia,,,
,The Chandos,London,Covent Garden,29 St Martins Lane,WC2N 4ER,020 7836 1401,51.50955505,-0.12683632,http://www.beerintheevening.com/pubs/s/65/657/Chandos/Trafalgar_Square,,,
,The Cheshire Midland,Altrincham,,Ashley Road,WA14 2UL,0161 9282 558,53.378247,-2.347708,http://www.beerintheevening.com/pubs/s/16/16818/Cheshire_Midland_Hotel/Hale,,,
,The Circus Bar, Cheltenham,,"5, Queens Circus",GL50 1RX,01242 578393,51.89665,-2.08092,http://www.beerintheevening.com/pubs/s/25/2543/Circus_Bar/Cheltenham,,,
,The Cittie of Yorke,London,,22 High Holborn,WC1V 6BN,020 7242 7670,51.51849,-0.11258,http://www.beerintheevening.com/pubs/s/44/446/Cittie_of_Yorke/Holborn,,,
,The Cock,London,,27 Great Portland Street,W1W 8QE,020 7631 5002,51.51670958,-0.14134457,http://www.beerintheevening.com/pubs/s/26/266/Cock/Oxford_Circus,,,
,The Colpitts Hotel, Durham,,Hawthorn Terrace,DH1 4EL,0191 3869913,54.77604065,-1.58510432,http://www.beerintheevening.com/pubs/s/54/5404/Colpitts_Hotel/Durham,,,
,The Cramond Inn, Cramond,,30 Cramond Glebe Road,EH4 6NT,0131 336 2035,55.97987451,-3.29999455,http://www.beerintheevening.com/pubs/s/85/8582/Cramond_Inn/Cramond,,"http://maps.google.co.uk/maps?f=q&source=s_q&hl=en&geocode=&q=EH4+6NT&sll=53.47316,-1.079932&sspn=0.002222,0.006866&ie=UTF8&hq=&hnear=Edinburgh+EH4+6NT,+United+Kingdom&ll=55.979717,-3.300228&spn=0,0.006866&t=h&z=18&layer=c&cbll=55.979806,-3.300179&panoid=I5O6AnXQxD23kTKCrklhyQ&cbp=12,156.17,,0,-6.95",
,The Cricketers Arms,Selby,,"Market Place, Selby",YO8 4PB,01757 702120,53.78386688,-1.06972953,http://www.beerintheevening.com/pubs/s/26/26889/Cricketers_Arms/Selby,,,
,The Crown,London,Bloomsbury,"51, New Oxford Street",WC1A 1BL,020 7836 2752,51.51684,-0.12663,http://www.beerintheevening.com/pubs/s/38/3827/Crown/Bloomsbury,,,
,The Crown and Sugarloaf,London,,98-99 Fleet Street,EC4Y 1DE,020 7353 3693,51.514017,-0.104812,http://www.beerintheevening.com/pubs/s/82/8256/Crown_and_Sugarloaf/Bride_s_Lane,,,
,The Dover Castle,London,Marylebone,"43, Weymouth Mews",W1G 7EH,020 7580 4412,51.51994,-0.14616,http://www.beerintheevening.com/pubs/s/63/6319/Dover_Castle/Marylebone,,,
,The Duke of Argyll,London,Soho,"37, Brewer Street",W1D 7LQ,020 7437 6819,51.51175,-0.13457,http://www.beerintheevening.com/pubs/s/14/1421/Duke_of_Argyll/Soho,,,
,The Duke of York (Closed),London,Marylebone,35 New Cavendish Street,W1G 9TR,020 7935 4814‎,51.519913,-0.149474,http://www.beerintheevening.com/pubs/s/38/3863/Duke_of_York/Marylebone,,,
,The Earl of Lonsdale,London,Notting Hill,277-281 Westbourne Grove,W11 2QA,020 7727 6335,51.51328,-0.20338,http://www.beerintheevening.com/pubs/s/13/136/Earl_of_Lonsdale/Notting_Hill,,,
,The Fitzroy Tavern,London,Fitzrovia,16 Charlotte Street,W1T 2NA,020 7580 3714,51.51856782,-0.13473574,http://www.beerintheevening.com/pubs/s/70/703/Fitzroy_Tavern/Fitzrovia,,"http://maps.google.co.uk/maps?f=q&source=s_q&hl=en&geocode=&q=W1T+2NA&sll=51.517696,-0.133594&sspn=0.001632,0.005493&ie=UTF8&hq=&hnear=London+W1T+2NA,+United+Kingdom&ll=51.518427,-0.134867&spn=0.000734,0.005493&t=h&z=18&layer=c&cbll=51.518479,-0.134778&panoid=WeKGmHiGNsHdxOZcB7y4Dw&cbp=12,10.19,,0,-13.37",
,The Gazebo, Kingston Upon Thames,,"Kings Passage, Thames Street",KT1 1PE,020 8546 4495,51.41053,-0.30666,http://www.beerintheevening.com/pubs/s/74/741/Gazebo/Kingston_Upon_Thames,,,
,The Glasshouse Stores,London,Soho,55 Brewer Street,W1F 9UJ,020 7287 5278,51.511431,-0.135341,http://www.beerintheevening.com/pubs/s/33/3372/Glasshouse_Stores/Piccadilly_Circus,,,
,The Green Dragon, Stockton-On-Tees,,8 Finkle Street,TS18 1AR,01642 672798,54.5642,-1.31181,http://www.beerintheevening.com/pubs/s/31/3189/Green_Dragon/Stockton_On_Tees,,,
,The Horse and Groom,London,,"128, Great Portland Street",W1W 6PX ,020 7580 4726,51.52005,-0.14249,http://www.beerintheevening.com/pubs/s/24/2411/Horse_and_Groom/Great_Portland_Street,,,
,The Howden Arms, Tadcaster,,40 High Street,LS24 9AT,01937 832887,53.88356,-1.26263,http://www.beerintheevening.com/pubs/s/52/5294/Howden_Arms/Tadcaster,,,
,The John Snow,London,Soho,"39, Broadwick Street",W1F 9QP,,51.5133461,-0.1365602,http://www.beerintheevening.com/pubs/s/30/3096/John_Snow/Soho,,"http://maps.google.co.uk/maps?f=q&source=s_q&hl=en&geocode=&q=W1F+9QP&sll=53.800651,-4.064941&sspn=12.426641,28.256836&ie=UTF8&hq=&hnear=London+W1F+9QP,+United+Kingdom&ll=51.513373,-0.136787&spn=0.000721,0.005493&t=h&z=18&layer=c&cbll=51.513372,-0.136525&panoid=KPLKI8vgYz8TbSAk27NcQg&cbp=12,189.09,,0,0.18",
,The King William, Bristol,,20 King Street,BS1 4EF,0117 926 8672,51.4517,-2.5945,http://www.beerintheevening.com/pubs/s/29/2966/King_William/Bristol,,,
,The Kings Arms, York,,Kings Staith,YO1 9SN,01904 659435,53.95694,-1.08287,http://www.beerintheevening.com/pubs/s/48/4870/Kings_Arms/York,,,
,The Lyceum,London,,"354, Strand",WC2R 0HS,020 7836 7155,51.51123,-0.11989,http://www.beerintheevening.com/pubs/s/69/694/Lyceum/Strand,,,
,The Malt Shovels, Altrincham,,68 Stamford Street,WA14 1EY,0161 928 2053,53.38909,-2.34798,http://www.beerintheevening.com/pubs/s/48/4825/Malt_Shovells/Altrincham,,,
,The Nag's Head Hotel,Leeds,Chapel Allerton,10 Town Street,LS7 4NB,0113 262 4938,53.82875,-1.537228,I too am unsure if I got the coordinates right.,,,
,The Old Boot Inn, Chester,,9 Eastgate Street,CH1 1LG ,01244 314 540,53.19084,-2.88898,http://www.beerintheevening.com/pubs/s/42/4290/Boot_Inn/Chester,,,
,The Ordnance Arms,London,St. John's Wood,29 Ordnance Hill,NW8 6PS,020 7722 0278,51.5360605,-0.17185607,My Sam Smiths Pub!,,"http://maps.google.co.uk/maps?f=q&source=s_q&hl=en&geocode=&q=Swiss+Cottage+tube+station,+Camden+Town&sll=53.800651,-4.064941&sspn=12.583143,28.256836&ie=UTF8&hq=&hnear=Swiss+Cottage+tube+station&ll=51.535618,-0.170374&spn=0.002923,0.021973&t=h&z=16&layer=c&cbll=51.535866,-0.171291&panoid=5j0TJhCL_pmMFXBvr_XHHg&cbp=12,252.57,,0,-6.78",
,The Plough, Whitby,,Baxtergate,YO21 1B,01947 602388,54.48603,-0.61454,http://www.beerintheevening.com/pubs/s/48/4844/Plough/Whitby,,,
,The Princess Louise,London,,208-209 High Holborn,WC1V 7BW,020 7405 8816,51.51727,-0.12167,http://www.beerintheevening.com/pubs/s/19/194/Princess_Louise/Holborn,,,
,The Red Lion,London,Soho,"14, Kingly Street",W1B 5PP,020 7734 4985,51.512615,-0.139113,http://www.beerintheevening.com/pubs/s/10/1012/Red_Lion/Soho,,,
,The Rising Sun,London,Smithfield,"38, Cloth Fair",EC1A 7JQ,020 7726 6671,51.51912,-0.09974,http://www.beerintheevening.com/pubs/s/27/2745/Rising_Sun/Smithfield,,,
,The Robert Browning,London,Maida Vale,"15, Clifton Road",W9 1SY,020 7286 2732,51.52527,-0.17944,http://www.beerintheevening.com/pubs/s/43/4344/Robert_Browning/Maida_Vale,,,
,The Rose and Crown, Askham Richard,,Main Street,YO23 3PT,01904 707501,53.92411,-1.18333,http://www.beerintheevening.com/pubs/s/39/3991/Rose_and_Crown/Askham_Richard,,,
,The Royal Oak, Tadcaster,,8 Wighill Lane,LS24 8EX,01937 832283,53.88735089,-1.25767295,http://www.beerintheevening.com/pubs/s/52/5293/Royal_Oak/Tadcaster,,,
,The Royal Oak,Sheffield, Ulley,12 Turnshaw Road,S26 3YG,0114 287 2464,53.38194,-1.30162,http://www.beerintheevening.com/pubs/s/63/6307/Royal_Oak/Ulley,,,
,The Seahorse Hotel,York,,4 Fawcett Street,YO10 4AH,01904 624 574,53.95325,-1.07573,http://www.beerintheevening.com/pubs/s/27/27032/Seahorse_Hotel/York,,,
,The Sun Inn,York, Long Marston,York Road,YO26 7PG,01904 738258,53.95418,-1.23624,http://www.beerintheevening.com/pubs/s/39/3990/Sun_Inn/Long_Marston,,"http://maps.google.co.uk/maps?f=q&source=s_q&hl=en&geocode=&q=YO26+7PG&sll=53.800651,-4.064941&sspn=12.583143,28.256836&ie=UTF8&hq=&hnear=York+YO26+7PG,+United+Kingdom&ll=53.953718,-1.236681&spn=0.001528,0.005493&t=h&z=18&layer=c&cbll=53.953832,-1.236464&panoid=YBE_GJODfvsiXxRdKKRpSg&cbp=12,2.74,,0,-0.8",
,The Swan & Three Cygnets,Elvet Bridge,,Durham,DH1 3AG,0191 384 0242,54.77585191,-1.57276616,http://www.pubsgalore.co.uk/pubs/5572/http://www.beerintheevening.com/pubs/s/32/3215/Swan_and_Three_Cygnets/Durham,,,
,The Town Wharf,London,Old Isleworth,Swan Street,TW7 6RJ,020 8847 2287,51.46884,-0.32313,http://www.beerintheevening.com/pubs/s/16/1603/Town_Wharf/Old_Isleworth,,,
,The Wellington, York,,"47, Alma Terrace, off Fulford Road",YO10 4DL,01904 645642,53.94734,-1.07756,http://www.beerintheevening.com/pubs/s/67/6778/Wellington/York,,,
,The White Horse,London,Soho,45 Rupert Street,W1D 7PB,020 7437 5745,51.51183221,-0.13354202,http://www.beerintheevening.com/pubs/s/84/8470/White_Horse/Soho,,,
,The White Horse Inn (Nellie's), Beverley,,22 Hengate,HU17 8BL,01482 861 973,53.84467774,-0.43184064,http://www.beerintheevening.com/pubs/s/39/3918/White_Horse_Inn_Nellies_/Beverley,,"http://maps.google.co.uk/?ie=UTF8&ll=53.844696,-0.431975&spn=0,0.00284&z=19&layer=c&cbll=53.8446,-0.432136&panoid=Gths5AFZdLWD2vM_gXSLiQ&cbp=12,95.26,,0,0.33",
,The Yorkshire Grey,London,Fitzrovia,46 Langham Street,W1W 7AX,020 7636 4788,51.51902179,-0.14138762,http://www.beerintheevening.com/pubs/s/91/916/Yorkshire_Grey/Fitzrovia,,"http://maps.google.co.uk/maps?f=q&source=s_q&hl=en&geocode=&q=W1W+7AX&sll=51.518479,-0.134778&sspn=0.001632,0.005493&ie=UTF8&hq=&hnear=London+W1W+7AX,+United+Kingdom&ll=51.519065,-0.141374&spn=0.001619,0.005493&t=h&z=18&layer=c&cbll=51.519031,-0.141522&panoid=0VJ8hi_mhRjKwwd809HtxA&cbp=12,139.61,,0,-4.05",
,The Three Goats Heads, Oxford,,3A St. Michaels Street,OX1 2DR,01865 721523,51.75336,-1.25929,http://www.beerintheevening.com/pubs/s/21/2184/Three_Goats_Heads/Oxford,,"http://maps.google.co.uk/?ie=UTF8&ll=51.753516,-1.259198&spn=0,0.001717&t=h&z=20&layer=c&cbll=51.753442,-1.259257&panoid=lYxFeRHMkPrjPxDN2HJyLA&cbp=12,117.86,,0,-0.62",
,Ye Olde Cheshire Cheese,London,,"Wine Office Court, 145 Fleet Street",EC4A 2BU,020 7353 6170,51.51438,-0.10735,http://www.beerintheevening.com/pubs/s/15/1513/Ye_Olde_Cheshire_Cheese/Fleet_Street,,,
,Ye Olde Swiss Cottage, Swiss Cottage,,98 Finchley Road,NW3 5EL,020 7722 3487,51.54245,-0.17449,http://www.beerintheevening.com/pubs/s/10/1000/Ye_Olde_Swiss_Cottage/Swiss_Cottage,,,
,Ye Olde White Horse,d,,Churchgate,PE11 2RA,01775 766740,52.784843,-0.147833,http://www.beerintheevening.com/pubs/s/26/26301/Ye_Olde_White_Horse/Spalding,,,
,The Hansom Cab,York,,23 Market Strett,YO1 8SL,01904 636962,53.9588504905632,-1.08165979385376,http://www.beerintheevening.com/pubs/s/18/18966/Hansom_Cab/York,,,
,The Ivanhoe ,Doncaster,Sprotbrough,Melton Road,DN5 7NS,01302 853130,53.51494976,-1.18331534,http://www.beerintheevening.com/pubs/s/73/7349/Ivanhoe/Sprotbrough,,,
,The Botolph Arms,Peterborough,Orton Longueville,465 Oundle Road,PE2 7DD,01733 234170,52.55988365,-0.26957256,http://www.beerintheevening.com/pubs/s/27/27694/Botolph_Arms/Orton_Longueville,,,
,The Brigadier Gerard,York,,84 Monkgate,YO31 7PF,01904 642612 ,53.964493,-1.074536,http://www.beerintheevening.com/pubs/s/27/27037/Brigadier_Gerard/York,,,
,The York Arms,York,,26 High Petergate,YO1 7EH,01904 624508,53.962246,-1.083956,http://www.beerintheevening.com/pubs/s/16/16686/York_Arms/York,,,
,The Rose of York,Richmond,,Petersham Road,TW10 6UY,020 8948 5867 ,51.45063,-0.300192,http://www.beerintheevening.com/pubs/s/27/2717/Rose_of_York/Richmond,,,
,Whitegates Hotel,Mansfield,Forest Town,Clipstone Road East,NG19 0HS,01623 624689 ,53.158036,-1.145797,http://www.beerintheevening.com/pubs/s/28/28258/Whitegates_Hotel/Forest_Town,,"http://maps.google.co.uk/maps?f=q&source=s_q&hl=en&geocode=&q=NG19+0HS&sll=53.800651,-4.064941&sspn=12.583143,28.256836&ie=UTF8&hq=&hnear=Mansfield,+Nottinghamshire+NG19+0HS,+United+Kingdom&ll=53.158261,-1.145507&spn=0.003114,0.010986&t=h&z=17&layer=c&cbll=53.158259,-1.145676&panoid=FD3o74aFp45G640H-QIVOg&cbp=12,192.02,,0,7.2",
,The Tiger Inn,York,Haxby,29 The Village,YO32 3HS,01904 768355,54.01615517,-1.07305952,http://www.beerintheevening.com/pubs/s/27/27714/Tiger_Inn/Haxby,,,
,The Anchor,Guisborough,,16 Belmangate,TS14 7AB,01287 632715‎,54.53349,-1.049784,"I can't find any info to indicate that it is actually a SS pub, other than one listing.",,,
,The Royal George,Deptford,,85 Tanners Hill,SE8 4QD,020 8692 2594,51.471867,-0.028678,http://www.beerintheevening.com/pubs/s/28/28029/Royal_George/Deptford,,,
,The Hare and Hounds Inn,Stutton,,Manor Road,LS24 9BR,01937 833164,53.86665098,-1.27165159,"I can't find any info to indicate that it is actually a SS pub, other than one listing.",,"http://maps.google.co.uk/maps?f=q&source=s_q&hl=en&geocode=&q=LS24+9BR&sll=53.882646,-1.265044&sspn=0.000772,0.002747&ie=UTF8&hq=&hnear=Tadcaster+LS24+9BR,+United+Kingdom&ll=53.866718,-1.271689&spn=0.000693,0.005493&t=h&z=18&layer=c&cbll=53.866718,-1.271689&panoid=8zYIRLXJ17h_rT6RccfNrw&cbp=12,139.32,,0,-3.17",
,The Menston Arms,Ilkley,Menston,26 Main Street,LS29 6EY,01943 872 107,53.891341,-1.746241,http://www.beerintheevening.com/pubs/s/19/19255/Menston_Arms/Menston,,,
,The Emmott Arms,Leeds,Rawdon,Town Street,LS19 6PP,0113 250 6036,53.850501,-1.67401,http://www.beerintheevening.com/pubs/s/51/5132/Emmott_Arms/Rawdon,,,
,The Old Red Lion,Leeds,,2 Meadow Lane,LS1 7BT,0113 242 677,53.79285,-1.542281,"http://maps.google.co.uk/maps?hl=en&ie=UTF8&hq=&hnear=Leeds,+United+Kingdom&ll=53.793446,-1.543053&spn=0,359.995872&t=h&z=19&layer=c&cbll=53.792938,-1.541957&panoid=h48rk7wjEejZnQnQ_J1JkA&cbp=12,271.88,,0,10.15",,,
,The Duncan,Leeds,,Duncan Street,LS1 6DQ,0113 245 9916,53.79583693,-1.54139317,"http://maps.google.co.uk/maps?hl=en&ie=UTF8&hq=&hnear=Leeds,+United+Kingdom&ll=53.795901,-1.54124&spn=0,359.991744&t=h&z=18&layer=c&cbll=53.795891,-1.541393&panoid=mzDflloz_QQGROEgopUGrQ&cbp=12,193.5,,0,5.58",,,
,The General Elliot,Leeds,,33 Vicar Lane,LS1 6DS,0113 244 2663,53.79705774,-1.54042771,"http://maps.google.co.uk/maps?hl=en&ie=UTF8&hq=&hnear=Leeds,+United+Kingdom&ll=53.79657,-1.540554&spn=0,359.991744&t=h&z=18&layer=c&cbll=53.797047,-1.540313&panoid=sO-JnKcXMK6Pg7TzTK4V1A&cbp=12,280.2,,0,5.06",,,
,The Dyneley Arms,Leeds,Pool-in-Wharfedale,Otley Road,LS21 1EE,0113 284 2887,53.891884,-1.634581,http://www.yorkshireeveningpost.co.uk/barsandclubs/The-Dyneley-Arms-PoolinWharfedale-.3976259.jp,,,
,The Barley Corn,Leeds,Scholes,68 Main Street,LS15 4DH,0113 264 6956,53.823608,-1.420627,http://www.beerintheevening.com/pubs/s/27/27630/Barley_Corn/Scholes,,,
,The Eagle Tavern,Leeds,,North Street,LS7 1AF,0113 245 7146,53.805986,-1.535361,http://www.beerintheevening.com/pubs/s/28/28130/Eagle_Tavern/Leeds,,,
,The Moorhouse Inn,Leeds,,Moor Crescent,LS11 5NQ,0113 243 2207,53.781409,-1.543483,"http://samsmiths.info/forum/index.php/topic,76.0.html",,,
,The New Inn,Leeds,Gildersome,Church Street,LS27 7AE,0113 253 4821,53.759824,-1.634388,"http://samsmiths.info/forum/index.php/topic,1593.0.html",,"http://maps.google.co.uk/maps?f=q&source=s_q&hl=en&geocode=&q=LS27+8LU&sll=53.431891,-2.228653&sspn=0.00156,0.005493&ie=UTF8&hq=&hnear=Leeds+LS27+8LU,+United+Kingdom&ll=53.759869,-1.634356&spn=0.002937,0.010986&t=h&z=17&layer=c&cbll=53.759936,-1.634518&panoid=DORaOVxqUXyDvh7vxeU19A&cbp=12,23.03,,0,2.8",
,The Golden Ball,Scarborough,,31 Sandside,YO11 1PG,01723 353 899,54.28396287,-0.38990489,http://www.beerintheevening.com/pubs/s/24/24559/Golden_Ball/Scarborough,,,
,The Shoulder of Mutton,Bradford,,28 Kirkgate,BD1 1QL,01274 726 038‎,53.795027,-1.752598,http://www.beerintheevening.com/pubs/s/21/21495/Shoulder_of_Mutton/Bradford,,,
,The Butchers Arms,Leeds,Pudsey,"30, Church Lane",LS28 7RF,0113 256 4313,53.795062,-1.664933,http://maps.google.co.uk/maps?hl=en&tab=wl,,,
,The Hark To Topper,Oldham,,Bow Street,OL1 1SJ,0161 6247950,53.54197123,-2.10829427,http://www.viewmanchester.co.uk/pubsandbars/hark-to-topper-info-29677.html,,,
,The Ye Olde Blue Bell (The Blue Bell),Preston,,114 Church Street,PR1 3BS,01772 251280,53.75992101,-2.69313117,http://www.beerintheevening.com/pubs/s/27/27636/Blue_Bell/Preston & http://www.qype.co.uk/place/249748-Ye-Old-Blue-Bell-Preston,http://www.beerintheevening.com/pubs/s/27/27636/Blue_Bell/Preston,,
,The Fox & Hounds,Tadcaster,,18 Leeds Road,LS24 9HB,01937 832292,53.8827012,-1.26510968,http://www.beerintheevening.com/pubs/s/27/27709/Fox_and_Hounds/Tadcaster,,,
,The Britannia Inn,Tadcaster,,2 Commercial Street,LS24 8AA,01937 832168,53.88525764,-1.25927856,http://www.beerintheevening.com/pubs/s/53/5312/Britannia_Inn/Tadcaster,,,
,The Railway Inn,Spofforth,,Park Terrace,HG3 1BW,01937 590 257‎,53.95012554,-1.44135763,http://www.pubsgalore.co.uk/pubs/29179/,,,
,The Boot & Shoe,Tockwith,,Marston Road,YO26 7PR,01423 358232,53.96469526,-1.28543546,http://www.beerintheevening.com/pubs/s/27/27743/Boot_and_Shoe_Inn/Tockwith,,,
,Widow Cullen's Well,Lincoln,,"29, Steep Hill",LN2 1LU,01522 523 020,53.23337718,-0.53855826,http://lincolncamra.org.uk/lincitymay09.pdf,,,
,The Golden Lion,Bourne,,"49, West Street",PE10 9NB,01778 424591,52.76793568,-0.37887563,http://www.beerintheevening.com/pubs/s/14/14900/Golden_Lion/Bourne,,,
,Sinclair's Oyster Bar,Manchester,,2 Cathedral Gates,M3 1SW,0161 834 0430,53.48448956,-2.24382629,http://www.beerintheevening.com/pubs/s/11/1172/Sinclairs_Oyster_Bar/Manchester & http://www.manchesterbarguide.com/?p=260,,,
,The Tivoli,Morecambe,,244 Marine Road Central,LA4 4BJ,01524 418 301,54.07263815,-2.86797096,http://www.beerintheevening.com/pubs/s/26/26059/Tivoli/Morecambe),,"http://maps.google.co.uk/maps?f=q&source=s_q&hl=en&geocode=&q=LA4+4BJ&sll=53.800651,-4.064941&sspn=12.583143,28.256836&ie=UTF8&hq=&hnear=Morecambe+LA4+4BJ,+United+Kingdom&ll=54.072761,-2.867839&spn=0.000768,0.002747&t=h&z=19&layer=c&cbll=54.072751,-2.867985&panoid=TMBH-TZ1uW75yP2VJ_I3oA&cbp=12,165.95,,0,-7.87",
,The Brown Bear,Sheffield,,109 Norfolk Street,S1 2JE,0114 272 7744,53.38055879,-1.46822264,http://www.beerintheevening.com/pubs/s/27/27707/Brown_Bear/Sheffield,,,
,The Sir Gawain and The Green Knight,Deeside,Connahs Quay,Golftyn Lane,CH5 4BH,01244 812623,53.22330176,-3.07596018,http://www.beerintheevening.com/pubs/s/25/25960/Sir_Gerwain_and_The_Green_Knight/Connahs_Quay,,,
,The Falcon,Chester,,Lower Bridge Street,CH1 1RS,01244 314 555,53.18743171,-2.89000799,http://www.beerintheevening.com/pubs/s/27/27686/Falcon/Chester,,,
,The Golden Lion,Frodsham,,Main Street,WA6 7AR,01928 732179,53.29533656,-2.72674729,http://www.beerintheevening.com/pubs/s/27/27725/Golden_Lion/Frodsham,,,
,The Belle Monte Hotel,Frodsham,,Bellemonte Road,WA6 6BJ,01928 732 321,53.28690968,-2.72098591,http://www.beerintheevening.com/pubs/s/28/28440/Belle_Monte_Hotel/Frodsham,,,
,The Wortley Almshouses,Peterborough,,Westgate,PE1 1QA,01733 348839,52.57527394,-0.24528553,http://www.beerintheevening.com/pubs/s/21/21830/Wortley_Almshouses/Peterborough,,,
,Ye Olde Murenger House,Newport,,53 High Street,NP20 1GA,01633 263977,51.58914935,-2.99726953,http://www.beerintheevening.com/pubs/s/27/27685/Ye_Olde_Murenger_House/Newport,,,
,The Waterguard,Cardiff,,Harbour Drive,CF10 4PA,029 2049 9034,51.46230278,-3.16137244,http://www.beerintheevening.com/pubs/s/21/21944/Waterguard/Cardiff,,,
,The Lion of Vienna,Bolton,,"158, Chorley New Road",BL1 4PE,01204 843172,53.58018905,-2.45691439,http://www.beerintheevening.com/pubs/s/21/21557/Lion_of_Vienna/Bolton,,,
,The Bridgewater Hotel,Farnworth,,27 Buckley Lane,BL4 9PF,01204 573760,53.54225015,-2.40144094,http://www.beerintheevening.com/pubs/s/23/23254/Bridgewater_Hotel/Farnworth,,,
,The St Marys Vaults,Stamford,,"19, St. Marys Street",PE9 2DG,01780 764305,52.65190785,-0.47754069,http://www.beerintheevening.com/pubs/s/15/15312/St_Marys_Vaults/Stamford,,,
,The Victoria Hotel,Blackpool,Cleveleys,183 Victoria Road West,FY5 3PZ,01253 853 306,53.8756192,-3.0306868,http://www.beerintheevening.com/pubs/s/28/28134/Victoria_Hotel/Cleveleys,,,
,The Bispham Hotel,Blackpool,Bispham,Red Bank Road,FY2 9HY,01253 351 752,53.84969416,-3.04956955,http://www.beerintheevening.com/pubs/s/25/25605/Bispham_Hotel/Blackpool,,,
,The Petre Arms,Blackburn,Langho,Whalley Road,BB6 8AB,01254 248 169,53.80953639,-2.44109166,http://www.beerintheevening.com/pubs/s/23/23010/Petre_Arms/Langho,,"http://maps.google.co.uk/maps?f=q&source=s_q&hl=en&geocode=&q=BB6+8AD&sll=54.634837,-1.735861&sspn=0.001515,0.005493&ie=UTF8&hq=&hnear=Blackburn,+Lancashire+BB6+8AD,+United+Kingdom&ll=53.809556,-2.440848&spn=0.000656,0.005493&t=h&z=18&layer=c&cbll=53.809587,-2.4407&panoid=l7zqDmkRPQPevZp4Dmbq0Q&cbp=12,306.97,,0,-0.27",
,The Greyhound Inn,Accrington,Altham West,Whalley Road,BB5 5EF,01254 234486,53.76752018,-2.37569404,http://www.beerintheevening.com/pubs/s/22/22967/Greyhound_Inn/Accrington,,,
,Tim Bobbin Hotel,Burnley,,319 Padiham Road,BB12 6PR,01282 424165,53.79347708,-2.26947588,http://www.beerintheevening.com/pubs/s/23/23168/Tim_Bobbin_Hotel/Burnley,,,
,The Red Lion Hotel,Colne,,31 Market Street,BB8 0LJ,01282 863473,53.85730567,-2.16713083,http://www.beerintheevening.com/pubs/s/23/23058/Red_Lion_Hotel/Colne,,,
,The Turf Tavern,Rochdale,,564 Edenfield Road,OL12 7QJ,01706 631775,53.62260415,-2.19852915,http://www.beerintheevening.com/pubs/s/27/27706/Turf_Tavern/Rochdale,,,
,The Engineers Arms,Darwen,,13 Duckworth Street,BB3 1AR,01706 368365,53.70198774,-2.4748074,http://www.beerintheevening.com/pubs/s/93/9317/Engineers_Arms/Darwen,,,
,The Eagle,Rochdale,,59 Oldham Road,OL16 5QJ,01706 647 222,53.61314088,-2.1515288,http://www.beerintheevening.com/pubs/s/27/27701/Eagle/Rochdale,,,
,The Queens Head,Stockport,,12 Little Underbank,SK1 1JT,0161 480 0725,53.41098819,-2.1575289,http://www.beerintheevening.com/pubs/s/24/24539/Queens_Head/Stockport,,,
,The Sun in September,Manchester,,588 Burnage Lane,M19 1NA,0161 431 0243,53.42145416,-2.21072783,http://www.beerintheevening.com/pubs/s/28/28432/Sun_in_September/Manchester,,"http://maps.google.co.uk/maps?f=q&source=s_q&hl=en&geocode=&q=Stockport+SK4&sll=53.800651,-4.064941&sspn=12.583143,28.256836&ie=UTF8&hq=&hnear=Stockport,+Cheshire+SK4,+United+Kingdom&ll=53.421374,-2.210591&spn=0.0014,0.010986&t=h&z=17&layer=c&cbll=53.421436,-2.210478&panoid=aEqTgrp4zay3RqbLvMbUhw&cbp=12,321.53,,0,5.7",http://www.bing.com/maps/#JndoZXJlMT1NMTkrMU5BJmJiPTU2LjQwODA1NzU3NDk0NDYlN2U2Ljg2NTg5NzQ3NzI1JTdlNDkuNzc0NDQyOTU2Mzc0OCU3ZS03Ljk0MzY3MjgzNTI1
,The Vine,Altrincham,Dunham Massey,Barns Lane,WA14 5RU,0161 928 3275,53.38783306,-2.41592219,http://www.beerintheevening.com/pubs/s/47/4792/Vine/Dunham_Massey,,,
,The Windmill Inn,Manchester,Carrington,Manchester Road,M31 4BD,0161 775 2251,53.43153723,-2.39128878,http://www.beerintheevening.com/pubs/s/28/28434/Windmill_Inn/Carrington,,,
,The Railway Tavern,Manchester,"Flixton, Urmston",142 Irlam Road,M41 6NA,0161 748 6845,53.44813735,-2.39392807,http://www.beerintheevening.com/pubs/s/20/20437/Railway_Tavern/Flixton,,,
,The Albert Edward,Eccles,,Church Street,M30 0LS,0161 707 1045,53.48317602,-2.33889987,http://www.beerintheevening.com/pubs/s/28/28430/Albert_Edward/Eccles,,,
,The Bird in Hand,Knutsford,,Knolls Green Village,WA16 7BW,01565 873149,53.31188889,-2.297964,http://www.beerintheevening.com/pubs/s/27/27632/Bird_in_the_Hand/Knolls_Green,,,
,The Whipping Stocks,Knutsford,Over Peover,Stocks Lane,WA16 9EX,01565 722332,53.26876604,-2.34938195,http://www.beerintheevening.com/pubs/s/27/27692/Whipping_Stocks/Over_Peover,,,
,The Swan,Holmes Chapel,,Station Road,CW4 7AU,01477 532259,53.19905807,-2.35201319,http://www.beerintheevening.com/pubs/s/27/27681/Swan/Holmes_Chapel,,,
,The Malt Shovel,Elland,,8 Briggate,HX5 9DP,01422 373189,53.68768692,-1.83927139,http://www.beerintheevening.com/pubs/s/30/30802/Malt_Shovel/Elland,,,
,The Boar's Head,Stockport,,2 Vernon Street,SK1 1TY,0161 480 3978,53.4122656,-2.15670814,http://www.beerintheevening.com/pubs/s/22/22449/Boars_Head/Stockport,,,
,The Agar Arms,York,,Warthill,YO19 5XW,01904 488 142,53.98844692,-0.97061386,http://www.beerintheevening.com/pubs/s/25/25105/Agar_Arms/Warthill,,,
,The Albion Inn,Wakefield,Eastmoor,"94, Stanley Road ",WF1 4LR,01924 376 206,53.68581146,-1.48872796,http://www.beerintheevening.com/pubs/s/15/15572/Albion_Inn/Wakefield,,,
,The Angler's Retreat (Freehouse selling Sam Smith's beers),Wakefield,Wintersett,Ferry Top Lane,WF4 2EB,01924 862 370,53.63621347,-1.42372999,http://www.beerintheevening.com/pubs/s/27/27629/Anglers_Retreat/Wintersett,,,
,The Bath Hotel,Dewsbury,,Halifax Road,WF13 2AL,01924 461 095,53.69555064,-1.63492981,http://www.beerintheevening.com/pubs/s/17/17770/Bath_Hotel/Dewsbury,,,
,The Bay Horse,Richmond,,Tunstall,DL10 7QS,01748 818 564,54.35678741,-1.67027613,http://www.beerintheevening.com/pubs/s/27/27631/Bay_Horse/Tunstall,,,
,The Berkeley Hotel,Scunthorpe,,Doncaster Road,DN15 7DS,01724 842333 ,53.59041115,-0.68398227,http://www.beerintheevening.com/pubs/s/27/27627/Berkeley_Hotel/Scunthorpe,,,
,The Blacksmiths Arms,York,,Farlington,YO61 1NW,01904 468 210,54.10088002,-1.06240978,http://www.beerintheevening.com/pubs/s/27/27635/Blacksmiths_Arms/Farlington,,,
,The Blacksmiths Arms,York,Skelton,Shipton Road,YO30 1XW,01904 471902,53.99944032,-1.13628855,http://www.beerintheevening.com/pubs/s/27/27634/Blacksmiths_Arms/Skelton,,,
,The Blacksmiths Arms,Bishop Auckland,West Auckland,7 Spring Gardens,DL14 9SL,01388 832618 ,54.63478121,-1.73594733,http://www.beerintheevening.com/pubs/s/27/27633/Blacksmiths_Arms/West_Auckland,,"http://maps.google.co.uk/maps?f=q&source=s_q&hl=en&geocode=&q=DL14+9SL&sll=53.769196,-1.841452&sspn=0.001462,0.005493&ie=UTF8&hq=&hnear=Bishop+Auckland,+County+Durham+DL14+9SL,+United+Kingdom&ll=54.6348,-1.735609&spn=0.001419,0.005493&t=h&z=18&layer=c&cbll=54.634838,-1.735861&panoid=koewHKLc6C0DBxfFaYSufg&cbp=12,184.08,,0,3.95",
,The Borough Bailiff,Knaresborough,,64-70 High Street,HG5 0EA,01423 862170,54.00900435,-1.46793027,http://www.beerintheevening.com/pubs/s/27/27726/Borough_Bailiff/Knaresborough,,,
,The Brown Cow,York,,36 Hope Street,YO10 4UR,01904 634010,53.95478961,-1.07311716,http://www.beerintheevening.com/pubs/s/27/27038/Brown_Cow/York,,,
,The Brown Cow Inn,Bradford,,886 Little Horton Lane,BD5 9EL,01274 574040,53.7761599,-1.77234174,http://www.beerintheevening.com/pubs/s/23/23377/Brown_Cow_Inn/Bradford,,,
,The Brunton Arms,Middlesbrough,Nunthorpe,Gypsy Lane,TS7 0AQ,01642 314821,54.53117924,-1.18477253,http://www.beerintheevening.com/pubs/s/28/28133/Brunton_Arms/Nunthorpe,,,
,The Bull's Head,Wakefield,Tingley,Dewsbury Road,WF3 1LY,0113 2530215,53.72521011,-1.58545378,http://www.beerintheevening.com/pubs/s/27/27687/Bulls_Head/Tingley,,,
,The Bullet Sports and Social Club,Barnsley,Grimethorpe,63 Brierley Road,S72 7EJ,01226 712 231,53.57890077,-1.37841424,http://www.beerintheevening.com/pubs/s/21/21037/Bullet_Sports_and_Social_Club/Grimethorpe,,,
,The Castle,York,Sheriff Hutton,Main Street,YO60 6ST,01347 878335,54.08880951,-1.00234477,http://www.beerintheevening.com/pubs/s/27/27712/Castle/Sheriff_Hutton,,,
,The Cow and Calf,Sheffield,Grenoside,88 Skew Hill Lane,S35 8QX,0114 2468191,53.43694456,-1.5037029,http://www.beerintheevening.com/pubs/s/27/27724/Cow_and_Calf/Grenoside,,,
,The Flying Dutchman,Harrogate,,Summerbridge,HG3 4HP,01423 780321,54.05718518,-1.69321437,http://www.beerintheevening.com/pubs/s/27/27684/Flying_Dutchman/Summerbridge,,,
,The Glittering Star,Darlington,,9 Stonebridge,DL1 1PB,01325 353191,54.52498705,-1.55180564,http://www.beerintheevening.com/pubs/s/28/28435/Glittering_Star/Darlington,,,
,The Greyhounds Inn,Harrogate,Killinghall,Ripon Road,HG3 2DG,01423 506 356,54.02341483,-1.56467755,http://www.beerintheevening.com/pubs/s/27/27683/Greyhound_Inn/Killinghall,,,
,The Greyhound Inn,Saxton,,Main Street,LS24 9PY,01937 557202,53.82584976,-1.27820406,http://www.beerintheevening.com/pubs/s/28/28436/Greyhound_Inn/Saxton,,,
,The Holly Bush,Doncaster,Edenthorpe,Church Balk,DN3 2PR,01302 882 473,53.55785106,-1.07576986,http://www.beerintheevening.com/pubs/s/27/27688/Holly_Bush/Edenthorpe,,,
,The Horse and Jockey Inn,Ossett,,18 Dale Street,WF5 9BT,01924 274061,53.68070432,-1.5793598,http://www.beerintheevening.com/pubs/s/27/27719/Horse_and_Jockey_Inn/Ossett,,,
,The Jolly Sailors Inn,Whitby,,13 St. Anne's Staithe,YO21 3PW,01947 605999,54.48746654,-0.61448099,http://www.beerintheevening.com/pubs/s/27/27710/Jolly_Sailors_Inn/Whitby,,,
,The Linthorpe Hotel,Middlesbrough,,The Crescent,TS5 6SQ,01642 819823,54.55690273,-1.24700783,http://www.beerintheevening.com/pubs/s/20/2095/Linthorpe/Middlesbrough,,,
,The Lord of the Manor,Wakefield,Crofton,High Street,WF4 1NG,01924 864597,53.65302128,-1.42221991,http://www.beerintheevening.com/pubs/s/15/15604/Lord_of_the_Manor/New_Crofton,,,
,The Malt Shovel Inn,York,,Oswaldkirk,YO62 5XT,01439 788461,54.20343737,-1.04609402,http://www.beerintheevening.com/pubs/s/27/27711/Malt_Shovel_Inn/Oswaldkirk,,,
,The Mill Inn,Cheltenham,,Withington,GL54 4BE,01242 890204,51.83696897,-1.955116,http://www.beerintheevening.com/pubs/s/25/25883/Mill_Inn/Withington,,,
,The New Broom,Rotherham,,Broom Valley Road,S60 2QY,01709 382815,53.4190517,-1.34061118,http://www.beerintheevening.com/pubs/s/30/30568/New_Broom/Rotherham,,,
,The Oak Tree,Richmond,Catterick Village,Low Green,DL10 7LU,01748 818233,54.37498051,-1.63349806,http://www.beerintheevening.com/pubs/s/27/27628/Oak_Tree/Catterick_Village,,,
,The Old Crown,Gloucester,,81-83 Westgate Street,GL1 2PG,01452 310517,51.86693365,-2.24933555,http://www.beerintheevening.com/pubs/s/25/25411/Old_Crown/Gloucester,,,
,The Old Hall,Heckmondwike,,New North Road,WF16 9DP,01924 404774,53.7112712,-1.67670576,http://www.beerintheevening.com/pubs/s/28/28259/Old_Hall/Heckmondwike,,,
,Old Mother Red Cap,Sheffield,Bradway,87 Everard Avenue,S17 4LY,0114 236 0179,53.31849392,-1.51626637,http://www.beerintheevening.com/pubs/s/14/1454/Old_Mother_Red_Cap/Bradway & http://www.thomsonlocal.com/Old-Mother-Red-Cap/0137964713706233000/map/companyinfo.html with conflicting addresses.,,"http://maps.google.co.uk/maps?f=q&source=s_q&hl=en&geocode=&q=S17+4LY&sll=53.317762,-1.512524&sspn=0.001551,0.005493&ie=UTF8&hq=&hnear=Sheffield+S17+4LY,+United+Kingdom&ll=53.319473,-1.5168&spn=0.003102,0.010986&t=h&z=17&layer=c&cbll=53.318604,-1.516531&panoid=IGARbi9Mdz_t0sUvAUKAVw&cbp=12,127.57,,0,-1.86",
,The Rugby Tavern,Hull,,"5, Dock Street",HU1 3DL,01482 324759,53.74516402,-0.33812483,http://www.beerintheevening.com/pubs/s/16/16765/Rugby_Tavern/Hull,,"http://maps.google.co.uk/maps?f=q&source=s_q&hl=en&geocode=&q=+rugby+tavern,+hull&sll=53.742121,-0.333243&sspn=0.00102,0.00284&ie=UTF8&hq=rugby+tavern,&hnear=Hull,+UK&ll=53.745213,-0.337679&spn=0,0.00284&z=19&layer=c&cbll=53.745157,-0.337846&panoid=IcT3ilWi33cqLPBAheTFbA&cbp=12,310.68,,0,-3.58",
,The Savile Arms,Newark,Eakring,Bilsthorpe Road,NG22 0DG,01623 870264,53.15374491,-0.99740913,http://www.beerintheevening.com/pubs/s/27/27691/Savile_Arms/Eakring,,"http://maps.google.co.uk/maps?f=q&source=s_q&hl=en&geocode=&q=NG22+0DG&sll=53.800651,-4.064941&sspn=12.583143,28.256836&ie=UTF8&hq=&hnear=Newark,+Nottinghamshire+NG22+0DG,+United+Kingdom&ll=53.15374,-0.997243&spn=0.000352,0.002747&t=h&z=19&layer=c&cbll=53.153696,-0.997308&panoid=90AfHlESCT3NKZ6fsEnMaA&cbp=12,297.46,,0,-7.83",
,The Six Bells,York,Strensall,Ox Carr Lane,YO32 5TD,01904 490715,54.02824884,-1.03981086,http://www.beerintheevening.com/pubs/s/27/27713/Six_Bells/Strensall,,,
,The Star Inn,Wakefield,Netherton,211 Netherton Lane,WF4 4HJ,01924 274496,53.64445842,-1.57915864,http://www.beerintheevening.com/pubs/s/27/27718/Star_Inn/Netherton,,,
,The Swordsman Inn,Stamford Bridge,,West Stamford Bridge,YO41 1AJ,01759 371307,53.99119881,-0.91545292,http://www.beerintheevening.com/pubs/s/69/6963/Swordsman_Inn/Stamford_Bridge,,,
,The Trafalgar Bay,York,,"7, Nunnery Lane",YO23 1AB,01904 653336,53.9544346,-1.08878263,http://www.beerintheevening.com/pubs/s/27/27035/Trafalgar_Bay/York,,,
,The Travellers Rest,Sheffield,,93 Langsett Road South,S35 0GY,0114 286 2221,53.43341006,-1.53624346,http://www.beerintheevening.com/pubs/s/27/27708/Travellers_Rest/Oughtibridge,,,
,The Wellington Inn,Knaresborough,,23 Briggate,HG5 8BQ,01423 862582,54.00602677,-1.46688958,http://www.beerintheevening.com/pubs/s/27/27727/Wellington_Inn/Knaresborough,,,
,The White House,Pontefract,Featherstone,Pontefract Road,WF7 5HG,01977 791878,53.6744299,-1.34755542,http://www.beerintheevening.com/pubs/s/27/27717/White_House/Featherstone,,,
,Ye Olde Parkgate Inn,Knutsford,Over Peover,Stocks Lane,WA16 8TU,01625 86145,53.26177949,-2.32228895,http://www.beerintheevening.com/pubs/s/27/27693/Ye_Olde_Parkgate_Inn/Over_Peover,,,
,Ye Old Blue Bell,Hull,,Market Place,HU1 1RQ,01482 324382,53.74238333,-0.33360799,http://www.beerintheevening.com/pubs/s/16/16743/Ye_Old_Blue_Bell/Hull,,"http://maps.google.co.uk/maps?f=q&source=s_q&hl=en&geocode=&q=Market+Place,+Hull&sll=51.753442,-1.259257&sspn=0.000557,0.001717&ie=UTF8&hq=&hnear=Market+Pl,+Hull,+United+Kingdom&ll=53.74241,-0.333109&spn=0.000993,0.006866&t=h&z=18&layer=c&cbll=53.742329,-0.333141&panoid=p40V4hNIn5DUJD1l1X75Iw&cbp=12,267.29,,0,0.5",
,The Wheel Inn,Wakefield,Wrenthorpe,282 Bradford Road,WF2 0LY,01924 373 921,53.70400276,-1.5201328,,,,
,The Buckles Inn,York,Bilbrough,Tadcaster Road,YO23 3PW,01904 706377,53.91507563,-1.17560037,"http://samsmiths.info/forum/index.php/topic,200.0.html",,,
,The Crystal Palace,York,,66-68 Holgate Road,YO24 4AB,01904 625305,53.95379066,-1.0970036,"http://samsmiths.info/forum/index.php/topic,118.0.html",,,
,The Star Inn,Mexborough,,Harlington Road,S64 0DF,01709 582704,53.49740751,-1.27955475,"http://www.qype.co.uk/uke31-mexborough/categories/21-pubs-in-mexborough & http://samsmiths.info/forum/index.php/topic,196.0.html",,,
,The Doo'Cot Roadhouse (Closed for refurbishment),Edinburgh,,"731, Ferry Road",EH4 2UA,0131 332 4872,55.96666525,-3.25113662,"http://samsmiths.info/forum/index.php/topic,188.0.html and verified by phone call!",,,
,The Red Lion,Doncaster,Conisbrough,Sheffield Road,DN12 2BY,01709 864005,53.47880506,-1.22870811,"http://samsmiths.info/forum/index.php/topic,197.0.html and verified by phone call!",,,
,The Tankard Inn,York,Rufforth,Wetherby Road,YO23 3QF,01904 738621,53.95520559,-1.19397887,"http://samsmiths.info/forum/index.php/topic,199.0.html",,"http://maps.google.co.uk/maps?hl=en&ie=UTF8&q=The+Tankard+Inn+rufforth+york&fb=1&cid=8928541778972355903&hq=The+Tankard+Inn+rufforth+york&hnear=&ll=53.955101,-1.193942&spn=0,0.005493&t=h&z=18&layer=c&cbll=53.955154,-1.194099&panoid=M5xMOfwaeM9UUO0zrQX0Pw&cbp=12,30.5,,0,3.86",
,The Gamecock Hotel,Doncaster,Harworth,117 Bawtry Road,DN11 8NT,01302 742500,53.42196975,-1.06526502,"http://samsmiths.info/forum/index.php/topic,221.0.html",,,
,The Ridgewood,Doncaster,Edenthorpe,Thorne Road,DN3 2JD,01302 882841,53.5521477,-1.06892892,"http://samsmiths.info/forum/index.php/topic,222.0.html",,,
,The Spread Eagle,Wakefield,Wragby,Doncaster Road,WF4 1QX,01977 616369,53.64857995,-1.37816884,"http://samsmiths.info/forum/index.php/topic,233.0.html",,,
,The Manor,Rotherham,Maltby,Braithwell Road,S66 8JT,01709 812580,53.42929606,-1.20735773,"http://samsmiths.info/forum/index.php/topic,234.0.html",,,
,The Lumley Arms,Rotherham,Maltby,Tickhill Road,S66 7PW,01709 812105,53.42120732,-1.18613341,"http://samsmiths.info/forum/index.php/topic,235.0.html",,,
,The Fox & Hounds,Boston Spa,,286 High Street,LS23 6AJ,01937 842192,53.90182066,-1.33766343,Not verified - info from SS.info,,,
,The Admiral Hawke,Boston Spa,,252 High Street,LS23 6AJ,01937 842170,53.90279252,-1.34057899,Not verified - info from SS.info,,,
,The Marquiss of Granby Inn,Knaresborough,,31 York Place,HG5 0AD,01423 330442,54.00632627,-1.46190067,Not verified - info from SS.info,,,
,The Eston Hotel,Middlesbrough,Eston,Fabian Road,TS6 9BB,01642 453256,54.56510818,-1.15681319,Not verified - info from SS.info,,,
,The Victoria Social Club,Doncaster,Arksey,4 Ings Lane,DN5 0SZ,01302 874306,53.55519706,-1.1257988,Not verified - info from SS.info,,,
,The Radcliffe Arms,Harrogate,Folifoot,Pannal Road,HG3 1DR,01423 871 417,53.968522,-1.48169269,http://www.yorkshireeveningpost.co.uk/barandpubreviews/The-Radcliffe-Arms-Follifoot-nr.5206000.jp,,,
,The Harewood Arms,Harrogate,Folifoot,Main Street,HG3 1DU ,01423 871212,53.96787934,-1.48051252,Not verified.,,"http://maps.google.com/maps?f=q&source=s_q&hl=en&geocode=&q=HG31UA&sll=37.0625,-95.677068&sspn=55.323926,82.617188&ie=UTF8&hq=&hnear=Harrogate+HG31UA,+United+Kingdom&layer=c&cbll=53.967847,-1.480632&panoid=yc5PAjV62TJ-2RBsdBLVnA&cbp=12,72.39,,0,-2.8&ll=53.969284,-1.482629&spn=0,0.010986&z=17",
,The Harewood Arms Hotel,Harrogate,Harewood,29 Harrogate Road,LS17 9LH,0113 288 6566,53.89937274,-1.5102904,Not verified.,,"http://maps.google.co.uk/maps?f=q&source=s_q&hl=en&geocode=&q=LS17+9LH&sll=53.800651,-4.064941&sspn=12.583143,28.256836&ie=UTF8&hq=&hnear=Leeds+LS17+9LH,+United+Kingdom&ll=53.901365,-1.511976&spn=0.000382,0.001373&t=h&z=20&layer=c&cbll=53.901365,-1.511976&panoid=kvzDRDysfIQ8k7wcJdU9KQ&cbp=12,87.44,,0,2.01",
,The Red Bear Hotel,Sherburn in Elmet,,4 Low Street,LS25 6BG,01977 683634 ,53.79732864,-1.25195881,Not verified. OnGoogle Maps the pub seems to be shut and undergoing renovation...this is consistent with review at http://www.qype.co.uk/place/339411-Red-Bear-Sherburn-in-Elmet.  Not able to verify whether an SS pub or not.,,,
,The Blue Bell,Manchester,Levenshulme,170 Barlow Road,M19 3HF,0161 224 1723,53.44515731,-2.18431612,"http://samsmiths.info/forum/index.php/topic,211.0.html",,,
,The Cross Keys Inn,York,Stillingfleet,Cawood Road,YO19 6SB,01904 728361,53.859371,-1.09738578,"http://samsmiths.info/forum/index.php/topic,1627.0.html",,,
,The Crows Nest Hotel,Cleethorpes,,Balmoral Road,DN35 9ND,01472 698867,53.55168389,-0.04841944,"http://samsmiths.info/forum/index.php/topic,1621.0.html",,"http://maps.google.co.uk/maps?f=q&source=s_q&hl=en&geocode=&q=DN35+9ND&sll=53.800651,-4.064941&sspn=12.583143,28.256836&ie=UTF8&hq=&hnear=Cleethorpes,+South+Humberside+DN35+9ND,+United+Kingdom&ll=53.551527,-0.048366&spn=0.002792,0.021973&t=h&z=16&layer=c&cbll=53.551597,-0.048552&panoid=lKgHsklyFbfc0BnKnyjdoA&cbp=12,55.83,,0,0.61",
,The Marquis Of Granby,Durham,Framwellgate Moor,Front Street,DH1 5BL,0191 386 9382,54.79612502,-1.58999761,"http://samsmiths.info/forum/index.php/topic,1587.0.html",,,
,The Black Dog,Rochdale,,Rooley Moor Road,OL12 7JG,01706 354085,53.63116667,-2.18663355,"http://samsmiths.info/forum/index.php/topic,1586.0.html",,,
,The Open Hearth,Scunthorpe,,Warley Road,DN16 1QX,01724 842318,53.57177864,-0.63266625,"http://samsmiths.info/forum/index.php/topic,1623.0.html",,,
,The Queen Bess,Scunthorpe,,Derwent Road,DN16 2PE,01724 840827,53.56571466,-0.63095232,"http://samsmiths.info/forum/index.php/topic,1624.0.html",,,
,The Sherpa Hotel,Scunthorpe,,Grange Lane South,DN16 3BJ,01724 840068,53.56104064,-0.63791533,"http://samsmiths.info/forum/index.php/topic,1622.0.html",,,
,Alpine Gasthof,Rochdale,,164 Whitworth Road,OL12 0JG,01706 658953,53.62623107,-2.1561261,Mr. Alpine is sat outside!,,,
,The Lobster,Redcar,,"98-100, Coatham Road",TS10 1RZ,01642 483574,54.61734373,-1.07646187,"http://samsmiths.info/forum/index.php/topic,1610.0.html",,,
,The Valley Inn,Bradford,Drighlington,68 Whitehall Road,BD11 1NB,0113 285 2483,53.76357575,-1.64860387,"http://samsmiths.info/forum/index.php/topic,1609.0.html",,,
,The Golden Lion Hotel,Saltburn By The Sea,Loftus,85 High Street,TS13 4HG,01287 640087,54.55358604,-0.88493605,"http://samsmiths.info/forum/index.php/topic,1608.0.html",,,
,Robert Raikes's House,Gloucester,,36/38 Southgate Street,GL1 2DR,01452 526685,51.86444757,-2.24732658,"http://samsmiths.info/forum/index.php/topic,1605.0.html",,,
,The Master Cooper,Middlesbrough,,291 Acklam Road,TS5 7EL,01642 819429,54.54448521,-1.25773628,"http://samsmiths.info/forum/index.php/topic,1599.0.html",,,
,Kingsway Hotel,Rochdale,,125 Kingsway,OL16 5HS,01706 646259,53.60717195,-2.13658085,"http://samsmiths.info/forum/index.php/topic,1598.0.html",,,
,The Red Grouse,Sheffield,Stocksbridge,Spink Hall Lane,S36 1FL,0114 288 2286,53.47647996,-1.59749707,"http://samsmiths.info/forum/index.php/topic,1597.0.html",,,
,Highfield House,Scunthorpe,,Shelford Street,DN15 6NT,01724 843035,53.58980139,-0.64966073,"http://samsmiths.info/forum/index.php/topic,1625.0.html",,,
,The Windmill Inn,Pontefract,,Woolmarket,WF8 1AZ,01977 702663,53.6924311,-1.31028076,"http://samsmiths.info/forum/index.php/topic,1592.0.html",,,
,The Gardeners Arms,Harrogate,Bilton,Bilton Lane,HG1 4DH,01423 506051,54.01408263,-1.5199249,"http://samsmiths.info/forum/index.php/topic,1606.0.html",,"http://maps.google.co.uk/maps?f=q&source=s_q&hl=en&geocode=&q=HG1+4DH&sll=53.800651,-4.064941&sspn=11.875381,28.256836&ie=UTF8&hq=&hnear=Harrogate+HG1+4DH,+United+Kingdom&ll=54.014007,-1.520056&spn=0.00072,0.002747&t=h&z=19&layer=c&cbll=54.014025,-1.519862&panoid=-7WmNxhh8bf4cWXzoyRseA&cbp=12,355.33,,0,-2.82",
,The Crown Inn,York,,Bolton Percy,YO23 7AG,01904 744255,53.86457745,-1.1938246,"http://samsmiths.info/forum/index.php/topic,1611.0.html",,"http://maps.google.co.uk/maps?f=q&source=s_q&hl=en&geocode=&q=YO23+7AG&sll=53.800651,-4.064941&sspn=12.605358,28.256836&ie=UTF8&hq=&hnear=York+YO23+7AG,+United+Kingdom&ll=53.864423,-1.192961&spn=0.005568,0.043945&t=h&z=15&iwloc=A&layer=c&cbll=53.864419,-1.192942&panoid=FIjkngD5Fdx0RadYi2Z45g&cbp=12,307.01,,1,-1.15",
,The Abbey Inn,Guisborough,,37 Redcar Road,TS14 6HR,01287 632802,54.53862543,-1.05041968,"http://samsmiths.info/forum/index.php/topic,1614.0.html",,,
,The Moorgate,Leeds,Kippax,Leeds Road,LS25 7EP,0113 286 2884,53.77379466,-1.37387594,"http://samsmiths.info/forum/index.php/topic,1693.0.html",,,
,White Gates Inn,Hyde,,Manchester Road,SK14 2BT,0161 368 4691,53.4531848,-2.08967706,"http://samsmiths.info/forum/index.php/topic,1668.0.html",,,
,The Junction Inn,Oldham,Royton,221 Rochdale Road,OL2 5RA,0161 633 2325,53.57017154,-2.12599953,"http://samsmiths.info/forum/index.php/topic,1667.0.html",,,
,The Flower of the Valley,Rochdale,,"122, Halifax Road",OL16 2NJ,01706 645353,53.6270105,-2.14216789,"http://samsmiths.info/forum/index.php/topic,1662.0.html",,,
,The Crown Inn,Glossop,,142 Victoria Street,SK13 8JF,01457 862824,53.43886828,-1.95220312,"http://samsmiths.info/forum/index.php/topic,1661.0.html",,,
,The Royal Oak,Oldham,Shaw,"Oak Croft, Shawcroft Close",OL2 7DA ,01706 847565,53.5724651,-2.10266431,"http://samsmiths.info/forum/index.php/topic,1659.0.html",,,
,The Pleasant Inn,Oldham,Royton,"730, Rochdale Road",OL2 6XQ,0161 624 0131,53.58115882,-2.13519682,"http://samsmiths.info/forum/index.php/topic,1658.0.html",,,
,The Old Bulls Head,Oldham,"High Crompton, Shaw",Rochdale Road,OL2 7PD,01706 847682,53.58450747,-2.11313297,"http://samsmiths.info/forum/index.php/topic,1657.0.html",,,
,The Roebuck Hotel,Rochdale,,Yorkshire Street,OL16 1BH,01706 350171,53.61741775,-2.15855887,"http://samsmiths.info/forum/index.php/topic,1652.0.html",,,
,The Commercial Inn,Oldham,Shaw,"30, Smallbrook Road",OL2 7UH,01706 847632,53.58500584,-2.09133466,"http://samsmiths.info/forum/index.php/topic,1650.0.html",,,
,The Higher Bird in Hand,Rochdale,Newhey,113 Huddersfield Road,OL16 3QG,01706 847978,53.60292906,-2.09121128,"http://samsmiths.info/forum/index.php/topic,1649.0.html",,,
,The Slip Inn,Rochdale,Milnrow,Newhey Road,OL16 3PS,01706 649627,53.60569988,-2.10443993,"http://samsmiths.info/forum/index.php/topic,1648.0.html",,,
,The Lower Bird in Hand,Rochdale,Newhey,41 Huddersfield Road,OL16 3QZ,01706 847900,53.60175287,-2.09400078,"http://samsmiths.info/forum/index.php/topic,1647.0.html",,,
,The Grapes Inn,Rochdale,Heywood,Peel Lane,OL10 4PR,01706 369705,53.59607841,-2.22884884,"http://samsmiths.info/forum/index.php/topic,1646.0.html",,,
,The Riflemans Arms,Rochdale,,"11, Mizzy Road",OL12 6HW,01706 640059,53.62641718,-2.16285308,"http://samsmiths.info/forum/index.php/topic,1644.0.html",,,
,The Star Inn,Rochdale,Norden,Edenfield Road,OL12 7PD,01706 646479,53.62300185,-2.19135424,"http://samsmiths.info/forum/index.php/topic,1643.0.html",,,
,The Nelson Hotel,Rochdale,,131 Drake Street,OL16 1QB,01706 645608,53.61249963,-2.15637287,"http://samsmiths.info/forum/index.php/topic,1642.0.html",,,
,The Bridge Inn,Rochdale,,"Calf Hey South, Well i'th Lane",OL11 2JS,01706 649679,53.60295452,-2.14726408,"http://samsmiths.info/forum/index.php/topic,1640.0.html",,,
,The Brownhill Hotel,Rochdale,,Heights Lane,OL12 0PX,01706 646139,53.62117716,-2.1612223,"http://samsmiths.info/forum/index.php/topic,1641.0.html",,"http://maps.google.co.uk/maps?f=q&source=s_q&hl=en&geocode=&q=OL12+0PX&sll=53.641152,-1.347815&sspn=0.001387,0.005493&ie=UTF8&hq=&hnear=Rochdale,+Lancashire+OL12+0PX,+United+Kingdom&ll=53.621328,-2.16127&spn=0.002908,0.010986&t=h&z=17&layer=c&cbll=53.621253,-2.161192&panoid=GXH58g_V-UqnYvbo5ANiCA&cbp=12,252.35,,0,-3.53",
,The Horse & Jockey,Rochdale,,"1-3, Well i'th Lane",OL11 1AU,01706 646426,53.60529246,-2.1491765,"http://samsmiths.info/forum/index.php/topic,1639.0.html",,,
,The Yew Tree,Rochdale,,Oldham Road,OL11 2AZ,01706 342781,53.59029175,-2.14093943,"http://samsmiths.info/forum/index.php/topic,1638.0.html",,,
,The White Lion,Rochdale,Norden,"942, Edenfield Road",OL12 7SS,01706 650341,53.62928507,-2.22418716,"http://samsmiths.info/forum/index.php/topic,1637.0.html",,,
,The Cole Street Sports and Social Club,Scunthorpe,,Cole Street,DN15 6QT,01724 840875,53.58983483,-0.64571788,"http://samsmiths.info/forum/index.php/topic,1636.0.html",,,
,The Pig and Whistle,Scunthorpe,,Winterton Road,DN15 0DH,01724 841612,53.59408381,-0.6436043,"http://samsmiths.info/forum/index.php/topic,1635.0.html",,,
,The Coach and Horses,Salford,Weaste,350 Eccles New Road,M5 2WU,0161 736 1203,53.48182731,-2.30374148,"http://samsmiths.info/forum/index.php/topic,1634.0.html",,,
,The Pretoria Sports and Social Club,Pontefract,South Elmsall,45 Westfield Lane,WF9 2QB,01977 642513,53.59325284,-1.29046729,"http://samsmiths.info/forum/index.php/topic,1633.0.html",,,
,The Prince of Wales,Salford,,230 Lower Broughton Road,M7 2JS,Ex directory,53.49581662,-2.26756116,"http://samsmiths.info/forum/index.php/topic,1632.0.html",,"http://maps.google.co.uk/maps?f=q&source=s_q&hl=en&geocode=&q=M7+2JS&sll=53.500332,-2.269031&sspn=0.001557,0.005493&ie=UTF8&hq=&hnear=Salford,+Lancashire+M7+2JS,+United+Kingdom&ll=53.495846,-2.267711&spn=0.002795,0.021973&t=h&z=16&layer=c&cbll=53.495712,-2.267597&panoid=2W2-Lwi1n7DBbTC0DlTcOg&cbp=12,1.71,,0,-3.53",
,The Bay Horse,Rochdale,,"260, Oldham Road",OL11 2ER,01706 648916,53.60263621,-2.14624484,"http://samsmiths.info/forum/index.php/topic,1631.0.html",,,
,The Blue Bell Hotel,Milnthorpe,Heversham,Princes Way,LA7 7EE,01539 562018,54.24348297,-2.77649959,"http://samsmiths.info/forum/index.php/topic,1630.0.html",,"http://maps.google.co.uk/maps?f=q&source=s_q&hl=en&geocode=&q=LA7+7EE&sll=53.800651,-4.064941&sspn=12.583143,28.256836&ie=UTF8&hq=&hnear=Milnthorpe,+Cumbria+LA7+7EE,+United+Kingdom&ll=54.243657,-2.776548&spn=0.001517,0.005493&t=h&z=18&layer=c&cbll=54.243462,-2.776316&panoid=fs9zI7y3q4iVreN0uHkHRA&cbp=12,289.14,,0,5.09",
,The Red Lion,Bradford,Girlington,589 Thornton Road,BD8 9RA,01274 496684,53.79886215,-1.79216107,"http://samsmiths.info/forum/index.php/topic,1629.0.html",,,
,The Spinners Arms,Oldham,Hollinwood,"287, Manchester Road",OL8 4RF,0161 681 3243,53.52235265,-2.14174141,"http://samsmiths.info/forum/index.php/topic,1670.0.html",,,
,The Speke Sports & Social Club,Speke,,Bramhall Close,L24 2TH,0151 280 5094,53.34058498,-2.83680906,"http://samsmiths.info/forum/index.php/topic,1671.0.html",,,
,The Ebor Inn,York,Bishopthorpe,Main Street,YO23 2RB,01904 706190,53.92161371,-1.09579255,"http://samsmiths.info/forum/index.php/topic,1607.0.html",,,
,The Marton Social Club,Blackpool,Marton,Daggers Hall Lane,FY4 4AX,01253 765 149,53.79659039,-3.02929243,"http://samsmiths.info/forum/index.php/topic,1672.0.html",,,
,The Cambridge Hotel,Middlesbrough,Linthorpe,161 Cambridge Road,TS5 5HL,01642 816775,54.55424558,-1.26171131,"http://samsmiths.info/forum/index.php/topic,1685.0.html",,,
,The Golden Jubilee,Yarm,,Healeaugh Park,TS15 9XN ,01642 789555,54.49681045,-1.34349125,"http://samsmiths.info/forum/index.php/topic,1684.0.html",,,
,The Old Star Inn,Wetherby,,Clifford,LS23 6HR,01937 842486,53.89301284,-1.34842982,"http://samsmiths.info/forum/index.php/topic,1692.0.html",,,
,The Black Horse Hotel,Bradford,Low Moor,2 Lockwood Street,BD12 0LS,01274 671357,53.75096752,-1.75247242,"http://samsmiths.info/forum/index.php/topic,1786.0.html",,,
,The Yorkshire Coble,Redcar,,West Dyke Road,TS10 4JH,01642 482071,54.60629198,-1.06644382,"http://samsmiths.info/forum/index.php/topic,1783.0.html",,,
,All Saints Brewery Inn,Stamford,,22 All Saints Street,PE9 2PA,01780 7521865,52.65208521,-0.48141648,"http://samsmiths.info/forum/index.php/topic,1782.0.html",,,
,The Burns Tavern,Darlington,,Thompson Street East,DL1 3BA,01325 381235,54.54570188,-1.54493382,"http://samsmiths.info/forum/index.php/topic,1778.0.html",,,
,The Commercial Hotel,Huddersfield,,62 New Street,HD1 2BW,01484 516216,53.64452316,-1.78337146,"http://samsmiths.info/forum/index.php/topic,1773.0.html",,,
,The Three Tuns Hotel,Chester-Le-Street,Birtley,Durham Road,DH3 1NE,0191 410 2216,54.90213956,-1.57799204,"http://samsmiths.info/forum/index.php/topic,1758.0.html",,,
,Corporation Brewery Taps,Doncaster,,135 Cleveland Street,DN1 3AR,01302 363715,53.51906765,-1.13717367,"http://samsmiths.info/forum/index.php/topic,1766.0.html",,,
,The Colliers Arms,Elland,,"66, Park Road",HX5 9HZ,01422 372007,53.69469263,-1.83193018,"http://samsmiths.info/forum/index.php/topic,1764.0.html",,,
,St James Bowling Club,Chorley,,Eaves Lane,PR6 0PX,01257 261550 ,53.65079522,-2.61737486,"http://samsmiths.info/forum/index.php/topic,1761.0.html",,,
,The George & Vulture,London,Fenchurch Street,3 Castle Court,EC3V 9DL,020 7626 9710,51.51322103,-0.085965,"http://samsmiths.info/forum/index.php/topic,1750.0.html",,,
,The Edmund Arms,Barnsley,Worsbrough,25 Worsbrough Road,S70 5LW,01226 206865,53.51931484,-1.47468944,"http://samsmiths.info/forum/index.php/topic,1751.0.html",,,
,The Waggon and Horses,Knottingley,Fairburn,Great North Road,WF11 9JY,01977 675459,53.74578105,-1.28464957,"http://samsmiths.info/forum/index.php/topic,1748.0.html",,,
,The Red Lion,Wetherby,Bramham,The Square,LS23 6QU,01937 843524,53.88050517,-1.35507902,"http://samsmiths.info/forum/index.php/topic,1697.0.html",,,
,The Crown Inn,Wetherby,,25 High Street,LS22 6LR,01937 584402 ,53.92778893,-1.38576868,"http://samsmiths.info/forum/index.php/topic,1696.0.html",,,
,The Royal Oak,Jarrow,,117 - 121 Grange Road,NE32 3QW,0191 489 8518,54.98172632,-1.48540218,Info on good authority.,,,
,Prince Of Wales Tavern,North Shields,,2 Lidell Street,NE30 1HE,0191 296 2816,55.00718814,-1.44107331,,,,
,White House,Manchester,Denton,170 Ashton Road,M34 3JD,0161 336 2896,53.46204355,-2.11660375,,,,
,White House,Oldham,,Henshaw Street,OL1 3EN,0161 633 1157,53.55084968,-2.1107914,,,,
,Viking Hotel,Middlesbrough,,25 Broughton Avenue,TS4 3PX,01642 316559,54.54359524,-1.21604134,,,,
,Brown Hare,Leeds,,"388, Harehills Lane",LS9 6JF,0113 249 5475,53.8059032,-1.50525053,,,,
,Fighting Cocks,Rotherham,Rawmarsh,Claypits Lane,S62 5JT,01709 522461,53.46480763,-1.32710358,http://samsmiths.info/forum/index.php?topic=1727.new;topicseen#new,,,
,Engineer's Arms,Barnsley,Higham,Higham Common Road,S75 1PF,01226 384204,53.56136405,-1.53285583,http://samsmiths.info/forum/index.php?topic=1727.new;topicseen#new,,,
,White Hart Hotel,Newark,Ollerton,Market Place,NG22 9BL,01623 822410 ,53.19902754,-1.02287402,http://samsmiths.info/forum/index.php?topic=1823.new;topicseen#new,,,
,Fountain Inn,Leeds,Morley,Queen Street,LS27 9EB,0113 253 3879,53.74306225,-1.59953555,Personally checked out - but no cask ale.,,,
,Blands Arms,Leeds,Micklefield,Great North Road,LS25 4AQ,0113 286 2465,53.79421869,-1.32743885,"http://samsmiths.info/forum/index.php/topic,22.new.html#new",53.79421869,-1.32743885,
,Ryhill Village Social Club,Wakefield,Ryhill,"73, Station Road",WF4 2BP,01226 722 281,53.62352522,-1.42184456,"http://samsmiths.info/forum/index.php/topic,1845.new.html#new",,,
,Snydale Road Sports & Social Club,Barnsley,Cudworth,Methley Street,S72 8JU ,01226 712 451,53.57488437,-1.41437729,"http://samsmiths.info/forum/index.php/topic,1844.new.html#new",,,
,Havercroft Sports & Social Club,Wakefield,Havercroft,83 Cow Lane,WF4 2HF ,01226 728 655,53.62396269,-1.40442898,"http://samsmiths.info/forum/index.php/topic,1841.new.html#new",,,
,Cudworth Industrial Sports & Social Club,Barnsley,Cudworth,"1, James Street",S72 8AN,01226 710582,53.5851794,-1.40995969,"http://samsmiths.info/forum/index.php/topic,1843.new.html#new",,,
,Red Rum,Barnsley,Grimethorpe,Cemetery Road,S72 7NR,01226 716 334,53.5733188,-1.37358895,"http://samsmiths.info/forum/index.php/topic,1846.msg4357/topicseen.html#msg4357",,,
,Lundwood Sports & Social Club,Barnsley,,Pontefract Road,S71 5PN,01226 203958,53.55882293,-1.43757035,"http://samsmiths.info/forum/index.php/topic,1847.new.html#new",,,
,Pinfold Hotel,Barnsley,Cudworth,Darfield Road,S72 8HF,01226 710246,53.57141391,-1.41041568,"http://samsmiths.info/forum/index.php/topic,1842.new.html#new",,,
,Shoulder of Mutton,York,Appleton Roebuck,Chapel Green,YO23 7DP,01904 744 227,53.87602413,-1.15681549,"http://samsmiths.info/forum/index.php/topic,1868.msg4577/topicseen.html#msg4577",,"http://maps.google.co.uk/maps?f=q&source=s_q&hl=en&geocode=&q=Appleton+Roebuck,+York&sll=53.800651,-12.436523&sspn=12.605358,45&ie=UTF8&hq=&hnear=Appleton+Roebuck,+York,+United+Kingdom&ll=53.876095,-1.156383&spn=0.000767,0.002747&t=h&z=19&layer=c&cbll=53.875912,-1.156858&panoid=4S1ufe0Cujpyv7ugQ666bg&cbp=12,8.26,,0,5",
,Roebuck Inn,York,Appleton Roebuck,"Appleton House, Main Street",YO23 7DG,01904 744 351,53.87296745,-1.16061886,"http://samsmiths.info/forum/index.php/topic,1867.msg4576/topicseen.html#msg4576",,"http://maps.google.co.uk/maps?f=q&source=s_q&hl=en&geocode=&q=Main+Street,+Appleton+Roebuck,+York&sll=53.800651,-4.064941&sspn=12.605358,28.256836&ie=UTF8&hq=&hnear=Main+St,+Appleton+Roebuck,+York,+North+Yorkshire+YO23,+United+Kingdom&ll=53.873083,-1.160731&spn=0.003068,0.010986&t=h&z=17&layer=c&cbll=53.873072,-1.160561&panoid=67UDJkC0nbfZq-i510ScIg&cbp=12,179.4,,0,2.12",
,Rockingham Arms,Corby,,Studfall Avenue,NN17 1LQ,01536 202403,52.49544573,-0.70666303,http:/rockingham-arms.blogspot.com,,"http://maps.google.co.uk/maps?f=q&source=s_q&hl=en&geocode=&q=Studfall+Avenue,+Corby&sll=53.800651,-4.064941&sspn=11.875381,28.256836&ie=UTF8&hq=&hnear=Studfall+Ave,+Corby+NN17,+United+Kingdom&ll=52.49548,-0.70659&spn=0.001431,0.010986&t=h&z=17&layer=c&cbll=52.495392,-0.706602&panoid=jAA6C5TknEy8GzCPsANhAQ&cbp=12,245.7,,0,-3.7",
,Hop Pole Hotel,Newark,Ollerton,Main Street,NG22 9AD,01623 822573,53.19993373,-1.0226809,Phoned and confirmed.,,"http://maps.google.co.uk/maps?f=q&source=s_q&hl=en&geocode=&q=NG22+9AD&sll=53.200673,-1.017652&sspn=0.006221,0.013797&ie=UTF8&hq=&hnear=Newark,+Nottinghamshire+NG22+9AD,+United+Kingdom&ll=53.199979,-1.022694&spn=0.001555,0.005493&t=h&z=18&layer=c&cbll=53.199918,-1.02282&panoid=0cFHsfQYtJfIa-3szV0yvw&cbp=12,129.98,,0,-1.72",
,Willow Tree Inn,Leeming Village,,51 Roman Road,DL7 9SN,01677 423903,54.29717894,-1.54780933,,,"http://maps.google.co.uk/maps?f=q&source=s_q&hl=en&geocode=&q=DL7+9SN&sll=54.162434,-4.042969&sspn=17.109416,39.506836&ie=UTF8&hq=&hnear=Northallerton+DL7+9SN,+United+Kingdom&ll=54.297196,-1.547999&spn=0.001083,0.003433&t=h&z=19&layer=c&cbll=54.297093,-1.547914&panoid=kCLpepj6uc1gj5rCfgboVA&cbp=12,51.48,,0,5.63",
,Station Hotel,Leeds,Hunslet,67 Hillidge Road,LS10 1DQ,0113 270 0707,53.77928198,-1.53599804,,,"http://maps.google.co.uk/maps?f=q&source=s_q&hl=en&geocode=&q=station+hotel+hunslet&sll=53.774423,-1.537161&sspn=0.00085,0.002382&g=Moor+Rd,+Hunslet,+Leeds,+West+Yorkshire+LS10,+United+Kingdom&ie=UTF8&hq=station+hotel&hnear=Hunslet,+Leeds,+UK&t=h&layer=c&cbll=53.779215,-1.536081&panoid=_fYgDDWZWwrGiR0buCxUtw&cbp=12,55.44,,0,3.45&ll=53.7808,-1.544008&spn=0,0.043945&z=15",
,Avenel Club ,Bradford,Allerton,"1, Avenel Terrace",BD15 7LX,01274 494349,53.80185929,-1.81984146,Phoned and confirmed SS pub.,,"http://maps.google.co.uk/maps?f=q&source=s_q&hl=en&geocode=&q=BD15+7LX&sll=53.801836,-1.818532&sspn=0.001546,0.005493&ie=UTF8&hq=&hnear=Bradford+BD15+7LX,+United+Kingdom&ll=53.801592,-1.819611&spn=0.000767,0.002747&t=h&z=19&layer=c&cbll=53.801549,-1.820004&panoid=U0cztho5fVLXYttTbQ6oeA&cbp=12,354.42,,0,-3.48",
,Brierley Village club,Barnsley,Brierley,Church Street,S72 9JE,01226 716373,53.59379409,-1.38066595,,,"http://maps.google.co.uk/maps?f=q&source=s_q&hl=en&geocode=&q=Brierley+Village+Club&sll=53.594966,-1.381536&sspn=0.001554,0.005493&ie=UTF8&hq=Brierley+Village+Club&hnear=&ll=53.593704,-1.380815&spn=0,0.002747&t=h&z=19&layer=c&cbll=53.593726,-1.380529&panoid=fgMGIHNDud9SFJ60Nh5uEg&cbp=12,240.37,,0,-15.48",
,Ackworth Village Club,Pontefract,Ackworth Moor Top,"Stonecliffe House, 52 Wakefield Road",WF7 7AB,01977 610416,53.64100197,-1.34782364,Phoned and asked!,,"http://maps.google.co.uk/maps?source=s_q&hl=en&geocode=&q=01977+610416&sll=53.356699,-1.376724&sspn=0.188103,0.703125&ie=UTF8&hq=01977+610416&radius=15000.000000&split=1&hnear=&ll=53.640917,-1.347392&spn=0,0.005493&t=h&z=18&layer=c&cbll=53.640961,-1.347705&panoid=RaA9FwiLSNiDtGJm1u-p0Q&cbp=12,20.02,,0,2.89",
,Corporation Inn,Rochdale,,55 Milkstone Road,OL11 1EB,01706 356 406,53.61018755,-2.1568503,http://maps.google.co.uk/maps/place?cid=7165797190356094942&q=corporation&hl=en&cd=1&cad=src:pplink&ei=DNwITNyDENSwjAfc7vigDg,,"http://maps.google.co.uk/maps?f=q&source=s_q&hl=en&geocode=&q=OL11+1EB&sll=53.613997,-2.147312&sspn=0.043992,0.110378&ie=UTF8&hq=&hnear=Rochdale,+Lancashire+OL11+1EB,+United+Kingdom&ll=53.610161,-2.156874&spn=0.000329,0.002747&t=h&z=19&layer=c&cbll=53.61016,-2.156875&panoid=nOrcWL6tAeQ01rNdpiIwMw&cbp=12,24.57,,0,-7.22",
,White Rose,Doncaster,Rossington,Grange Lane,DN11 0QZ,01302 868476,53.47333828,-1.08013247,http://www.192.com/business/doncaster-dn11/public-houses-activities-of/samuel-smith-old-brewery-tadcaster/e12fbfd77157a569ea59e4384771598407ae2c93/comp/,,"http://maps.google.co.uk/maps?f=q&source=s_q&hl=en&geocode=&q=DN11+0QZ&sll=53.199632,-1.024132&sspn=0.004447,0.013733&ie=UTF8&hq=&hnear=Doncaster+DN11+0QZ,+United+Kingdom&ll=53.473415,-1.080163&spn=0.002209,0.006866&t=h&z=18&layer=c&cbll=53.473493,-1.079992&panoid=sCzQPBruNy42vhYGOYLLgw&cbp=12,171.86,,1,0.61",
,Redhill Sports and Social Club,Castleford,,37 Redhill Drive,WF10 3EB,01977 552 143,53.72100562,-1.32796054,Phoned and asked!,,"http://maps.google.co.uk/maps?f=q&source=s_q&hl=en&geocode=&q=WF10+3EB&sll=53.227352,-0.54253&sspn=0.001567,0.005493&ie=UTF8&hq=&hnear=Castleford+WF10+3EB,+United+Kingdom&ll=53.721076,-1.328101&spn=0.001451,0.005493&t=h&z=18&layer=c&cbll=53.721213,-1.328236&panoid=Wj05ffVvlVRQUe6UXmkLRg&cbp=12,34.96,,0,-1.86",
,York Street Working Mens Club & Institute,Wakefield,,15 Upper York Street,WF1 3LQ,01924 376 982‎,53.68633996,-1.49924373,,,"http://maps.google.co.uk/maps?f=q&source=s_q&hl=en&geocode=&q=WF1+3LQ&sll=53.721593,-1.327951&sspn=0.002927,0.010986&ie=UTF8&hq=&hnear=Wakefield+WF1+3LQ,+United+Kingdom&ll=53.686161,-1.499532&spn=0.000329,0.002747&t=h&z=19&layer=c&cbll=53.686161,-1.499532&panoid=aXCgcYJBeTQ64WHav-F14g&cbp=12,21.25,,0,-3.17",
,Arlington Hotel,Saltburn-By-The-Sea,Loftus,Arlington Street,TS13 4LA,01287 640 699,54.55403947,-0.88085105,Phoned and asked!,,"http://maps.google.co.uk/maps?f=q&source=s_q&hl=en&geocode=&q=TS13+4LA&sll=54.553524,-0.882704&sspn=0.005687,0.021973&ie=UTF8&hq=&hnear=Saltburn-by-the-Sea+TS13+4LA,+United+Kingdom&ll=54.554076,-0.880655&spn=0.000322,0.002747&t=h&z=19&layer=c&cbll=54.554022,-0.880784&panoid=tWQNGtii2HD9I10A2BJ7mg&cbp=12,348.23,,0,-0.02",
,Kingfisher Hotel,Redcar,,Farndale Square,TS10 5HN,01642 484 815,54.6060007,-1.08840843,,,"http://maps.google.co.uk/maps?f=q&source=s_q&hl=en&geocode=&q=TS10+5HN&sll=54.553922,-0.880601&sspn=0.001434,0.005493&ie=UTF8&hq=&hnear=Redcar+TS10+5HN,+United+Kingdom&ll=54.606303,-1.088556&spn=0.000036,0.002747&t=h&z=19&layer=c&cbll=54.606029,-1.088311&panoid=ZXGZF94wLRCIKYvFcZGU8A&cbp=12,241.71,,0,-6.07",
,Engineers Arms,Heywood,,"13, Aspinall Street",OL10 4HL,01706 368 365,53.59352665,-2.21253966,Phoned and asked!,,"http://maps.google.co.uk/maps?f=q&source=s_q&hl=en&geocode=&q=OL10+4HL&sll=53.800651,-4.064941&sspn=11.875381,28.256836&ie=UTF8&hq=&hnear=Heywood,+Lancashire+OL10+4HL,+United+Kingdom&ll=53.593645,-2.212436&spn=0.001455,0.005493&t=h&z=18&layer=c&cbll=53.593543,-2.212462&panoid=d8V0IZbr1I8C4-rsehZC5w&cbp=12,283.26,,0,0.69",
,Adam & Eve,South Shields,,2 Frederick Street,NE33 5EA,0191 456 2282,54.98949367,-1.43729677,Phoned and asked!,,"http://maps.google.co.uk/maps?f=q&source=s_q&hl=en&geocode=&q=NE33+5EA&sll=53.571753,-2.101704&sspn=0.000728,0.002747&ie=UTF8&hq=&hnear=South+Shields,+Tyne+And+Wear+NE33+5EA,+United+Kingdom&ll=54.989388,-1.437262&spn=0.000637,0.005493&t=h&z=18&layer=c&cbll=54.989449,-1.437156&panoid=To4MGZs-_ieGHYj2UT_iug&cbp=12,266.24,,0,-8.8",
,Windmill Hotel,Manchester,"Pendlebury, Swinton",690 Bolton Road,M27 8FH,0161 794 1609,53.51906685,-2.33314385,,,"http://maps.google.co.uk/maps?f=q&source=s_q&hl=en&geocode=&q=M27+8FH&sll=54.989449,-1.437156&sspn=0.001419,0.005493&ie=UTF8&hq=&hnear=Manchester,+Lancashire+M27+8FH,+United+Kingdom&ll=53.518982,-2.332921&spn=0.002915,0.010986&t=h&z=17&layer=c&cbll=53.519043,-2.333024&panoid=bls2r0GlSuZiUO5oxAuCDw&cbp=12,225.01,,0,-1.46",
,The Turnpike,Manchester,,522 Wilmslow Road,M20 4BT,0161 445 4565,53.4317929,-2.22873216,Phoned and asked!,,"http://maps.google.co.uk/maps?f=q&source=s_q&hl=en&geocode=&q=M20+4BT&sll=54.989502,-1.437567&sspn=0.001502,0.005493&ie=UTF8&hq=&hnear=Manchester,+Lancashire+M20+4BT,+United+Kingdom&ll=53.431983,-2.228647&spn=0.000662,0.005493&t=h&z=18&layer=c&cbll=53.431891,-2.228654&panoid=QLObCnDPhlmV5Pp73DaQjA&cbp=12,274.23,,0,-3.79",
,Bentley North End Sports & Social Club,Doncaster,Bentley,Askern Road,DN5 0EP,01302 874 311,53.55285827,-1.14726146,Phoned and asked!,,"http://maps.google.co.uk/maps?f=q&source=s_q&hl=en&geocode=&q=DN5+0EP&sll=53.829098,-1.536208&sspn=0.003065,0.010986&gl=uk&ie=UTF8&hq=&hnear=Doncaster+DN5+0EP,+United+Kingdom&ll=53.552719,-1.147535&spn=0.002938,0.010986&t=h&z=17&layer=c&cbll=53.552858,-1.147641&panoid=s-owp0w1mEILXdLNN2q-8g&cbp=12,71.18,,1,1.66",
,Eldon Arms Hotel,Ferryhill,,Cleveland Street,DL17 0AW,01740 651 557,54.68132421,-1.53294434,http://www2.sedgefield.gov.uk/planning_search/alldetails.php?ID=7950,,"http://maps.google.co.uk/maps?f=q&source=s_q&hl=en&geocode=&q=Eldon+Terrace,+Ferryhill&sll=54.682218,-1.539845&sspn=0.011338,0.043945&ie=UTF8&hq=&hnear=Eldon+Terrace,+Ferryhill,+County+Durham+DL17+0AW,+United+Kingdom&ll=54.681236,-1.532789&spn=0.000709,0.002747&t=h&z=19&layer=c&cbll=54.68135,-1.532772&panoid=lxUSuogpPn8m5g-eEeLoIw&cbp=12,272.55,,0,-4.84",
,Half Way House Inn,Bradford,Queensbury,"36, Sandbeds",BD13 1AF,01274 882 243,53.76913178,-1.84145739,http://www.pubutopia.com/pubs/B/Bradford/Queensbury/,,"http://maps.google.co.uk/maps?f=q&source=s_q&hl=en&geocode=&q=BD13+1AF&sll=54.68135,-1.532772&sspn=0.000715,0.002747&ie=UTF8&hq=&hnear=Bradford+BD13+1AF,+United+Kingdom&ll=53.769261,-1.841331&spn=0.001449,0.005493&t=h&z=18&layer=c&cbll=53.769196,-1.841452&panoid=1rWtzCYsqxaOz-lMG5yxfA&cbp=12,169.14,,0,-3.84",
,Ward Green Working Men's Club,Barnsley,Worsbrough,"129, Mount Vernon Road",S70 4HH,01226 284251,53.53587588,-1.47578915,"http://samsmiths.info/forum/index.php/topic,1974.msg5431/topicseen.html#msg5431",,"http://maps.google.co.uk/maps?f=q&source=s_q&hl=en&geocode=&q=S70+4HH&sll=53.800651,-4.064941&sspn=12.583143,28.256836&ie=UTF8&hq=&hnear=Barnsley+S70+4HH,+United+Kingdom&ll=53.536055,-1.4758&spn=0.000698,0.005493&t=h&z=18&layer=c&cbll=53.535938,-1.475542&panoid=co8I28yj-B_5eYbnIZFVsg&cbp=12,327.98,,0,-2.21",
,White Swan (closed),Tadcaster,,18 Bridge Street,LS24 9AL,,53.88458733,-1.26075914,"http://samsmiths.info/forum/index.php/topic,2290.msg8347/topicseen.html#msg8347",,"http://maps.google.co.uk/maps?f=q&source=s_q&hl=en&geocode=&q=LS24+9AL&aq=&sll=53.800651,-4.064941&sspn=12.583143,28.256836&ie=UTF8&hq=&hnear=Tadcaster,+North+Yorkshire+LS24+9AL,+United+Kingdom&ll=53.884319,-1.260856&spn=0.000191,0.000687&t=h&z=21&layer=c&cbll=53.884319,-1.260856&panoid=Lh-V0SGJc0IW_IIk4tEfdw&cbp=12,318.62,,0,-2.29",
,Falcon Inn,Tadcaster,,10 Chapel Street,LS24 9AR,01937 832272,53.88388381,-1.26353522,"http://samsmiths.info/forum/index.php/topic,2227.msg7712.html#msg7712",,"http://maps.google.co.uk/maps?f=q&source=s_q&hl=en&geocode=&q=Tadcaster&aq=&sll=53.800651,-4.064941&sspn=12.583143,28.256836&ie=UTF8&hq=&hnear=Tadcaster,+North+Yorkshire,+United+Kingdom&ll=53.883814,-1.26356&spn=0.003061,0.010986&t=h&z=17&layer=c&cbll=53.883814,-1.26356&panoid=WJjzXCQcp46hEn2x0L7b-w&cbp=12,349.29,,0,-2.37",
,The Saxon Hotel,Sheffield,Kiveton Park ,Station Road,S26 6QP,,53.34152021,-1.25605454,I Live near and frequent this - definitley a Sam Smiths,,,
,The White Bear (Freehouse selling Samuel Smith's beer),York,Stillington,Main Street,YO61 1JU,01347 810 338,54.10278504,-1.10720134,"Sells OB, Taddy Lager and Pure Brewed Lager",,"http://maps.google.co.uk/maps?q=stillington&hl=en&ll=54.102874,-1.107302&spn=0.001772,0.005836&sll=54.102878,-1.10759&sspn=29.281853,95.625&hnear=Stillington,+North+Yorkshire,+United+Kingdom&t=m&layer=c&cbll=54.102876,-1.107471&panoid=bkSy-rsvPjKQ8qCMaw8QdA&cbp=12,193.66,,0,0.12&z=19",
,The New Wheel Inn,Wakefield,Wrenthorpe,145 Wrenthorpe Road,WF2 0JN,,,,"The New Wheel Inn, Wrenthorpe Road is not a Sam Smith's pub.",,,
,The Moorcock Inn,Sowerby Bridge,Norland,Moor Bottom Lane,HX6 3RP,01422 832103,,,I travelled to this pub. It is not a Sam Smith's pub. 19 March 2010,53.69344799,-1.91694586,
,The Black Horse,Redditch,,5-9 Mount Pleasant,B97 4JA,01527 65572,,,"http://samsmiths.info/forum/index.php/topic,1787.0.html The pub has a ""PUBMASTER"" sign on it.",52.30273175,-1.94194098,
,Rawmarsh Progressive Sports and Social Club (Titanic),Rotherham,Rawmarsh,Willow Garth,S62 5RB,01709 812109,53.46422002,-1.33619358,Not verified.,,,
,The Montague Arms,London,New Cross,"289, Queens Road",SE15 2PA,020 7639 4923,,,http://www.beerintheevening.com/pubs/s/69/6937/Montague_Arms/New_Cross,51.47332387,-0.05201322,Doesn't appear to be a SS pub as states Whitbread on the side on Google Street View.
,The Bar Ambika (Freehouse selling Samuel Smith's beer),Hull,,400 Beverley Road,HU5 1LW,01482 343088,53.76419093,-0.35164048,"http://samsmiths.info/forum/index.php/topic,1687.0.html",,,